gbifID	datasetKey	occurrenceID	kingdom	phylum	class	order	family	genus	species	infraspecificEpithet	taxonRank	scientificName	verbatimScientificName	verbatimScientificNameAuthorship	countryCode	locality	stateProvince	occurrenceStatus	individualCount	publishingOrgKey	decimalLatitude	decimalLongitude	coordinateUncertaintyInMeters	coordinatePrecision	elevation	elevationAccuracy	depth	depthAccuracy	eventDate	day	month	year	taxonKey	speciesKey	basisOfRecord	institutionCode	collectionCode	catalogNumber	recordNumber	identifiedBy	dateIdentified	license	rightsHolder	recordedBy	typeStatus	establishmentMeans	lastInterpreted	mediaType	issue
3962307440	e9c133ef-aefa-456e-9fe6-61d1f7e5c170	yv11-gr82-vn67-ov95-te50-tu80	Animalia	Chordata	Testudines		Cheloniidae	Caretta	Caretta caretta		SPECIES	Caretta caretta (Linnaeus, 1758)	Caretta caretta (Linnaeus, 1758)	(Linnaeus, 1758)	PT			PRESENT		0a80feca-b411-428a-a34e-c5c2fa07cdba	38.792	-27.116	50.0						2000-08-31	31	8	2000	8894817	8894817	HUMAN_OBSERVATION							CC_BY_4_0				Native	2024-01-25T01:38:34.933Z		CONTINENT_DERIVED_FROM_COORDINATES
3962307438	e9c133ef-aefa-456e-9fe6-61d1f7e5c170	mq98-qp31-gb57-wp47-qp79-rl53	Animalia	Chordata	Testudines		Cheloniidae	Caretta	Caretta caretta		SPECIES	Caretta caretta (Linnaeus, 1758)	Caretta caretta (Linnaeus, 1758)	(Linnaeus, 1758)	PT			PRESENT		0a80feca-b411-428a-a34e-c5c2fa07cdba	38.533	-27.007	50.0						2008-10-17	17	10	2008	8894817	8894817	HUMAN_OBSERVATION							CC_BY_4_0				Native	2024-01-25T01:38:34.928Z		
3962307437	e9c133ef-aefa-456e-9fe6-61d1f7e5c170	gk23-ew20-ao22-ci48-iv86-il38	Animalia	Chordata	Testudines		Cheloniidae	Caretta	Caretta caretta		SPECIES	Caretta caretta (Linnaeus, 1758)	Caretta caretta (Linnaeus, 1758)	(Linnaeus, 1758)	PT			PRESENT		0a80feca-b411-428a-a34e-c5c2fa07cdba	38.74	-26.944	50.0						1995-10-04	4	10	1995	8894817	8894817	HUMAN_OBSERVATION							CC_BY_4_0				Native	2024-01-25T01:38:34.923Z		
3962307436	e9c133ef-aefa-456e-9fe6-61d1f7e5c170	gq48-dg68-rw90-sh18-dt70-gr11	Animalia	Chordata	Testudines		Cheloniidae	Caretta	Caretta caretta		SPECIES	Caretta caretta (Linnaeus, 1758)	Caretta caretta (Linnaeus, 1758)	(Linnaeus, 1758)	PT			PRESENT		0a80feca-b411-428a-a34e-c5c2fa07cdba	38.633	-27.116	50.0						1995-09-29	29	9	1995	8894817	8894817	HUMAN_OBSERVATION							CC_BY_4_0				Native	2024-01-25T01:38:34.917Z		CONTINENT_DERIVED_FROM_COORDINATES
3962307434	e9c133ef-aefa-456e-9fe6-61d1f7e5c170	mi77-bd14-yd89-mk49-mn67-xd62	Animalia	Chordata	Testudines		Cheloniidae	Caretta	Caretta caretta		SPECIES	Caretta caretta (Linnaeus, 1758)	Caretta caretta (Linnaeus, 1758)	(Linnaeus, 1758)	PT			PRESENT		0a80feca-b411-428a-a34e-c5c2fa07cdba	39.719	-25.687	50.0						2008-10-04	4	10	2008	8894817	8894817	HUMAN_OBSERVATION							CC_BY_4_0				Native	2024-01-25T01:38:34.912Z		
3962307433	e9c133ef-aefa-456e-9fe6-61d1f7e5c170	jl71-ok69-og15-yn94-eq31-pc32	Animalia	Chordata	Testudines		Cheloniidae	Caretta	Caretta caretta		SPECIES	Caretta caretta (Linnaeus, 1758)	Caretta caretta (Linnaeus, 1758)	(Linnaeus, 1758)	PT			PRESENT		0a80feca-b411-428a-a34e-c5c2fa07cdba	38.643	-27.215	50.0						2007-06-11	11	6	2007	8894817	8894817	HUMAN_OBSERVATION							CC_BY_4_0				Native	2024-01-25T01:38:34.906Z		CONTINENT_DERIVED_FROM_COORDINATES
3962307432	e9c133ef-aefa-456e-9fe6-61d1f7e5c170	px60-gq37-if70-uq63-rc10-os23	Animalia	Chordata	Testudines		Cheloniidae	Caretta	Caretta caretta		SPECIES	Caretta caretta (Linnaeus, 1758)	Caretta caretta (Linnaeus, 1758)	(Linnaeus, 1758)	PT			PRESENT		0a80feca-b411-428a-a34e-c5c2fa07cdba	38.646	-27.215	50.0						1997-04-10	10	4	1997	8894817	8894817	HUMAN_OBSERVATION							CC_BY_4_0				Native	2024-01-25T01:38:34.902Z		CONTINENT_DERIVED_FROM_COORDINATES
3962307431	e9c133ef-aefa-456e-9fe6-61d1f7e5c170	cv93-rq12-ni60-bs25-te22-eo75	Animalia	Chordata	Testudines		Cheloniidae	Caretta	Caretta caretta		SPECIES	Caretta caretta (Linnaeus, 1758)	Caretta caretta (Linnaeus, 1758)	(Linnaeus, 1758)	PT			PRESENT		0a80feca-b411-428a-a34e-c5c2fa07cdba	38.65	-27.266	50.0						2013-02-10	10	2	2013	8894817	8894817	HUMAN_OBSERVATION							CC_BY_4_0				Native	2024-01-25T01:38:34.897Z		CONTINENT_DERIVED_FROM_COORDINATES
3962307430	e9c133ef-aefa-456e-9fe6-61d1f7e5c170	me14-qc88-aj50-pk58-fr89-md61	Animalia	Chordata	Testudines		Cheloniidae	Caretta	Caretta caretta		SPECIES	Caretta caretta (Linnaeus, 1758)	Caretta caretta (Linnaeus, 1758)	(Linnaeus, 1758)	PT			PRESENT		0a80feca-b411-428a-a34e-c5c2fa07cdba	37.45	-29.75	50.0						2010-07-02	2	7	2010	8894817	8894817	HUMAN_OBSERVATION							CC_BY_4_0				Native	2024-01-25T01:38:34.895Z		
3962307428	e9c133ef-aefa-456e-9fe6-61d1f7e5c170	wj49-sk65-jm92-me75-pt54-ri15	Animalia	Chordata	Testudines		Cheloniidae	Caretta	Caretta caretta		SPECIES	Caretta caretta (Linnaeus, 1758)	Caretta caretta (Linnaeus, 1758)	(Linnaeus, 1758)	PT			PRESENT		0a80feca-b411-428a-a34e-c5c2fa07cdba	38.769	-28.723	50.0						2018-01-31	31	1	2018	8894817	8894817	HUMAN_OBSERVATION							CC_BY_4_0				Native	2024-01-25T01:38:34.891Z		
3962307427	e9c133ef-aefa-456e-9fe6-61d1f7e5c170	nn68-yc18-wd44-ky34-bt31-fk13	Animalia	Chordata	Testudines		Cheloniidae	Caretta	Caretta caretta		SPECIES	Caretta caretta (Linnaeus, 1758)	Caretta caretta (Linnaeus, 1758)	(Linnaeus, 1758)	PT			PRESENT		0a80feca-b411-428a-a34e-c5c2fa07cdba	38.62	-27.472	50.0						2009-07-13	13	7	2009	8894817	8894817	HUMAN_OBSERVATION							CC_BY_4_0				Native	2024-01-25T01:38:34.884Z		
3962307426	e9c133ef-aefa-456e-9fe6-61d1f7e5c170	sl87-wh70-ak75-sc17-rv92-af75	Animalia	Chordata	Testudines		Cheloniidae	Caretta	Caretta caretta		SPECIES	Caretta caretta (Linnaeus, 1758)	Caretta caretta (Linnaeus, 1758)	(Linnaeus, 1758)	PT			PRESENT		0a80feca-b411-428a-a34e-c5c2fa07cdba	38.356	-28.944	50.0						2008-10-08	8	10	2008	8894817	8894817	HUMAN_OBSERVATION							CC_BY_4_0				Native	2024-01-25T01:38:34.881Z		
3962307425	e9c133ef-aefa-456e-9fe6-61d1f7e5c170	ld70-av39-tf11-wn79-ek48-wr37	Animalia	Chordata	Testudines		Cheloniidae	Caretta	Caretta caretta		SPECIES	Caretta caretta (Linnaeus, 1758)	Caretta caretta (Linnaeus, 1758)	(Linnaeus, 1758)	PT			PRESENT		0a80feca-b411-428a-a34e-c5c2fa07cdba	37.902	-29.054	50.0						2008-09-03	3	9	2008	8894817	8894817	HUMAN_OBSERVATION							CC_BY_4_0				Native	2024-01-25T01:38:34.879Z		
3962307424	e9c133ef-aefa-456e-9fe6-61d1f7e5c170	dq41-ma27-nl49-fs11-vw99-si99	Animalia	Chordata	Testudines		Cheloniidae	Caretta	Caretta caretta		SPECIES	Caretta caretta (Linnaeus, 1758)	Caretta caretta (Linnaeus, 1758)	(Linnaeus, 1758)	PT			PRESENT		0a80feca-b411-428a-a34e-c5c2fa07cdba	38.612	-28.289	50.0						2017-08-19	19	8	2017	8894817	8894817	HUMAN_OBSERVATION							CC_BY_4_0				Native	2024-01-25T01:38:34.874Z		
3962307422	e9c133ef-aefa-456e-9fe6-61d1f7e5c170	zu39-qy16-ji38-pe68-qk42-xd27	Animalia	Chordata	Testudines		Cheloniidae	Caretta	Caretta caretta		SPECIES	Caretta caretta (Linnaeus, 1758)	Caretta caretta (Linnaeus, 1758)	(Linnaeus, 1758)	PT			PRESENT		0a80feca-b411-428a-a34e-c5c2fa07cdba	37.88	-29.053	50.0						2008-10-22	22	10	2008	8894817	8894817	HUMAN_OBSERVATION							CC_BY_4_0				Native	2024-01-25T01:38:34.872Z		
3962307421	e9c133ef-aefa-456e-9fe6-61d1f7e5c170	ie32-pp64-yl25-bj31-vp84-rg83	Animalia	Chordata	Testudines		Cheloniidae	Caretta	Caretta caretta		SPECIES	Caretta caretta (Linnaeus, 1758)	Caretta caretta (Linnaeus, 1758)	(Linnaeus, 1758)	PT			PRESENT		0a80feca-b411-428a-a34e-c5c2fa07cdba	38.666	-27.328	50.0						2014-07-26	26	7	2014	8894817	8894817	HUMAN_OBSERVATION							CC_BY_4_0				Native	2024-01-25T01:38:34.867Z		CONTINENT_DERIVED_FROM_COORDINATES
3962307420	e9c133ef-aefa-456e-9fe6-61d1f7e5c170	co52-uj45-id99-il42-vf46-nw78	Animalia	Chordata	Testudines		Cheloniidae	Caretta	Caretta caretta		SPECIES	Caretta caretta (Linnaeus, 1758)	Caretta caretta (Linnaeus, 1758)	(Linnaeus, 1758)	PT			PRESENT		0a80feca-b411-428a-a34e-c5c2fa07cdba	38.622	-27.29	50.0						2009-06-15	15	6	2009	8894817	8894817	HUMAN_OBSERVATION							CC_BY_4_0				Native	2024-01-25T01:38:34.861Z		CONTINENT_DERIVED_FROM_COORDINATES
3962307419	e9c133ef-aefa-456e-9fe6-61d1f7e5c170	yf15-em25-em57-fz83-kl39-op11	Animalia	Chordata	Testudines		Cheloniidae	Caretta	Caretta caretta		SPECIES	Caretta caretta (Linnaeus, 1758)	Caretta caretta (Linnaeus, 1758)	(Linnaeus, 1758)	PT			PRESENT		0a80feca-b411-428a-a34e-c5c2fa07cdba	38.355	-28.462	50.0						2018-05-08	8	5	2018	8894817	8894817	HUMAN_OBSERVATION							CC_BY_4_0				Native	2024-01-25T01:38:34.854Z		
3962307418	e9c133ef-aefa-456e-9fe6-61d1f7e5c170	tz38-qf82-dj46-ec28-bg79-ls24	Animalia	Chordata	Testudines		Cheloniidae	Caretta	Caretta caretta		SPECIES	Caretta caretta (Linnaeus, 1758)	Caretta caretta (Linnaeus, 1758)	(Linnaeus, 1758)	PT			PRESENT		0a80feca-b411-428a-a34e-c5c2fa07cdba	38.28	-27.67	50.0						2008-10-18	18	10	2008	8894817	8894817	HUMAN_OBSERVATION							CC_BY_4_0				Native	2024-01-25T01:38:34.852Z		
3962307412	e9c133ef-aefa-456e-9fe6-61d1f7e5c170	gm77-ie18-ti92-vd28-yc74-lj30	Animalia	Chordata	Testudines		Cheloniidae	Caretta	Caretta caretta		SPECIES	Caretta caretta (Linnaeus, 1758)	Caretta caretta (Linnaeus, 1758)	(Linnaeus, 1758)	PT			PRESENT		0a80feca-b411-428a-a34e-c5c2fa07cdba	38.646	-27.215	50.0						2007-06-16	16	6	2007	8894817	8894817	HUMAN_OBSERVATION							CC_BY_4_0				Native	2024-01-25T01:38:34.850Z		CONTINENT_DERIVED_FROM_COORDINATES
3962307411	e9c133ef-aefa-456e-9fe6-61d1f7e5c170	gd37-hm98-cx49-zs16-ea10-xj92	Animalia	Chordata	Testudines		Cheloniidae	Caretta	Caretta caretta		SPECIES	Caretta caretta (Linnaeus, 1758)	Caretta caretta (Linnaeus, 1758)	(Linnaeus, 1758)	PT			PRESENT		0a80feca-b411-428a-a34e-c5c2fa07cdba	38.616	-27.186	50.0						2007-10-19	19	10	2007	8894817	8894817	HUMAN_OBSERVATION							CC_BY_4_0				Native	2024-01-25T01:38:34.841Z		CONTINENT_DERIVED_FROM_COORDINATES
3962307410	e9c133ef-aefa-456e-9fe6-61d1f7e5c170	kz51-wh65-js91-jh21-wb15-cd18	Animalia	Chordata	Testudines		Cheloniidae	Caretta	Caretta caretta		SPECIES	Caretta caretta (Linnaeus, 1758)	Caretta caretta (Linnaeus, 1758)	(Linnaeus, 1758)	PT			PRESENT		0a80feca-b411-428a-a34e-c5c2fa07cdba	38.724	-27.026	50.0						2004-09-13	13	9	2004	8894817	8894817	HUMAN_OBSERVATION							CC_BY_4_0				Native	2024-01-25T01:38:34.839Z		CONTINENT_DERIVED_FROM_COORDINATES
3962307408	e9c133ef-aefa-456e-9fe6-61d1f7e5c170	gz17-ue86-vu46-nw49-vd76-zt88	Animalia	Chordata	Testudines		Cheloniidae	Caretta	Caretta caretta		SPECIES	Caretta caretta (Linnaeus, 1758)	Caretta caretta (Linnaeus, 1758)	(Linnaeus, 1758)	PT			PRESENT		0a80feca-b411-428a-a34e-c5c2fa07cdba	38.624	-27.339	50.0						2007-07-04	4	7	2007	8894817	8894817	HUMAN_OBSERVATION							CC_BY_4_0				Native	2024-01-25T01:38:34.834Z		
3962307406	e9c133ef-aefa-456e-9fe6-61d1f7e5c170	ow75-yn95-yi84-rt67-ba38-vg27	Animalia	Chordata	Testudines		Cheloniidae	Caretta	Caretta caretta		SPECIES	Caretta caretta (Linnaeus, 1758)	Caretta caretta (Linnaeus, 1758)	(Linnaeus, 1758)	PT			PRESENT		0a80feca-b411-428a-a34e-c5c2fa07cdba	38.646	-27.265	50.0						1996-11-29	29	11	1996	8894817	8894817	HUMAN_OBSERVATION							CC_BY_4_0				Native	2024-01-25T01:38:34.830Z		CONTINENT_DERIVED_FROM_COORDINATES
3962307405	e9c133ef-aefa-456e-9fe6-61d1f7e5c170	nd84-ui83-ik44-qm88-wg19-rg47	Animalia	Chordata	Testudines		Cheloniidae	Caretta	Caretta caretta		SPECIES	Caretta caretta (Linnaeus, 1758)	Caretta caretta (Linnaeus, 1758)	(Linnaeus, 1758)	PT			PRESENT		0a80feca-b411-428a-a34e-c5c2fa07cdba	38.781	-27.071	50.0						2009-11-08	8	11	2009	8894817	8894817	HUMAN_OBSERVATION							CC_BY_4_0				Native	2024-01-25T01:38:34.820Z		CONTINENT_DERIVED_FROM_COORDINATES
3962307404	e9c133ef-aefa-456e-9fe6-61d1f7e5c170	ak18-sb26-lv59-ba67-rt28-lq83	Animalia	Chordata	Testudines		Cheloniidae	Caretta	Caretta caretta		SPECIES	Caretta caretta (Linnaeus, 1758)	Caretta caretta (Linnaeus, 1758)	(Linnaeus, 1758)	PT			PRESENT		0a80feca-b411-428a-a34e-c5c2fa07cdba	38.601	-27.232	50.0						2009-07-13	13	7	2009	8894817	8894817	HUMAN_OBSERVATION							CC_BY_4_0				Native	2024-01-25T01:38:34.825Z		CONTINENT_DERIVED_FROM_COORDINATES
3962307403	e9c133ef-aefa-456e-9fe6-61d1f7e5c170	at45-wn34-nh34-lj55-mx24-my15	Animalia	Chordata	Testudines		Cheloniidae	Caretta	Caretta caretta		SPECIES	Caretta caretta (Linnaeus, 1758)	Caretta caretta (Linnaeus, 1758)	(Linnaeus, 1758)	PT			PRESENT		0a80feca-b411-428a-a34e-c5c2fa07cdba	37.464	-25.717	50.0						2014-08-30	30	8	2014	8894817	8894817	HUMAN_OBSERVATION							CC_BY_4_0				Native	2024-01-25T01:38:34.817Z		
3962307402	e9c133ef-aefa-456e-9fe6-61d1f7e5c170	hb24-nu35-yk68-xn66-ii79-ph97	Animalia	Chordata	Testudines		Cheloniidae	Caretta	Caretta caretta		SPECIES	Caretta caretta (Linnaeus, 1758)	Caretta caretta (Linnaeus, 1758)	(Linnaeus, 1758)	PT			PRESENT		0a80feca-b411-428a-a34e-c5c2fa07cdba	38.712	-27.453	50.0						2018-07-09	9	7	2018	8894817	8894817	HUMAN_OBSERVATION							CC_BY_4_0				Native	2024-01-25T01:38:34.808Z		
3962307401	e9c133ef-aefa-456e-9fe6-61d1f7e5c170	nb88-ij34-vm54-og88-jx69-je64	Animalia	Chordata	Testudines		Cheloniidae	Caretta	Caretta caretta		SPECIES	Caretta caretta (Linnaeus, 1758)	Caretta caretta (Linnaeus, 1758)	(Linnaeus, 1758)	PT			PRESENT		0a80feca-b411-428a-a34e-c5c2fa07cdba	38.321	-28.369	50.0						2018-05-15	15	5	2018	8894817	8894817	HUMAN_OBSERVATION							CC_BY_4_0				Native	2024-01-25T01:38:34.804Z		
3962307400	e9c133ef-aefa-456e-9fe6-61d1f7e5c170	di78-rk91-wi33-fy31-zl29-dn48	Animalia	Chordata	Testudines		Cheloniidae	Caretta	Caretta caretta		SPECIES	Caretta caretta (Linnaeus, 1758)	Caretta caretta (Linnaeus, 1758)	(Linnaeus, 1758)	PT			PRESENT		0a80feca-b411-428a-a34e-c5c2fa07cdba	38.464	-28.721	50.0						2018-06-15	15	6	2018	8894817	8894817	HUMAN_OBSERVATION							CC_BY_4_0				Native	2024-01-25T01:38:34.794Z		
3962307398	e9c133ef-aefa-456e-9fe6-61d1f7e5c170	zm61-zk77-vh68-oc77-xe10-qh59	Animalia	Chordata	Testudines		Cheloniidae	Caretta	Caretta caretta		SPECIES	Caretta caretta (Linnaeus, 1758)	Caretta caretta (Linnaeus, 1758)	(Linnaeus, 1758)	PT			PRESENT		0a80feca-b411-428a-a34e-c5c2fa07cdba	38.638	-26.294	50.0						2010-07-25	25	7	2010	8894817	8894817	HUMAN_OBSERVATION							CC_BY_4_0				Native	2024-01-25T01:38:34.791Z		
3962307396	e9c133ef-aefa-456e-9fe6-61d1f7e5c170	no33-vk77-gp23-hf74-nu74-se68	Animalia	Chordata	Testudines		Cheloniidae	Caretta	Caretta caretta		SPECIES	Caretta caretta (Linnaeus, 1758)	Caretta caretta (Linnaeus, 1758)	(Linnaeus, 1758)	PT			PRESENT		0a80feca-b411-428a-a34e-c5c2fa07cdba	38.476	-28.593	50.0						2018-05-09	9	5	2018	8894817	8894817	HUMAN_OBSERVATION							CC_BY_4_0				Native	2024-01-25T01:38:34.787Z		CONTINENT_DERIVED_FROM_COORDINATES
3962307395	e9c133ef-aefa-456e-9fe6-61d1f7e5c170	fq72-nd69-cz10-wo37-hj30-mu60	Animalia	Chordata	Testudines		Cheloniidae	Caretta	Caretta caretta		SPECIES	Caretta caretta (Linnaeus, 1758)	Caretta caretta (Linnaeus, 1758)	(Linnaeus, 1758)	PT			PRESENT		0a80feca-b411-428a-a34e-c5c2fa07cdba	38.609	-27.323	50.0						2009-06-15	15	6	2009	8894817	8894817	HUMAN_OBSERVATION							CC_BY_4_0				Native	2024-01-25T01:38:34.781Z		
3962307394	e9c133ef-aefa-456e-9fe6-61d1f7e5c170	us51-hu75-wm35-et48-ek85-it20	Animalia	Chordata	Testudines		Cheloniidae	Caretta	Caretta caretta		SPECIES	Caretta caretta (Linnaeus, 1758)	Caretta caretta (Linnaeus, 1758)	(Linnaeus, 1758)	PT			PRESENT		0a80feca-b411-428a-a34e-c5c2fa07cdba	38.39	-28.431	50.0						2018-06-07	7	6	2018	8894817	8894817	HUMAN_OBSERVATION							CC_BY_4_0				Native	2024-01-25T01:38:34.774Z		CONTINENT_DERIVED_FROM_COORDINATES
3962307392	e9c133ef-aefa-456e-9fe6-61d1f7e5c170	ti52-bw35-an76-ba41-wc28-ke59	Animalia	Chordata	Testudines		Cheloniidae	Caretta	Caretta caretta		SPECIES	Caretta caretta (Linnaeus, 1758)	Caretta caretta (Linnaeus, 1758)	(Linnaeus, 1758)	PT			PRESENT		0a80feca-b411-428a-a34e-c5c2fa07cdba	38.408	-28.678	50.0						2018-04-10	10	4	2018	8894817	8894817	HUMAN_OBSERVATION							CC_BY_4_0				Native	2024-01-25T01:38:34.767Z		
3962307391	e9c133ef-aefa-456e-9fe6-61d1f7e5c170	uc18-ae69-sa47-hc69-pc39-sp70	Animalia	Chordata	Testudines		Cheloniidae	Caretta	Caretta caretta		SPECIES	Caretta caretta (Linnaeus, 1758)	Caretta caretta (Linnaeus, 1758)	(Linnaeus, 1758)	PT			PRESENT		0a80feca-b411-428a-a34e-c5c2fa07cdba	38.622	-27.157	50.0						2009-05-17	17	5	2009	8894817	8894817	HUMAN_OBSERVATION							CC_BY_4_0				Native	2024-01-25T01:38:34.762Z		CONTINENT_DERIVED_FROM_COORDINATES
3962307389	e9c133ef-aefa-456e-9fe6-61d1f7e5c170	if83-tl21-mj61-vn92-ez28-ko92	Animalia	Chordata	Testudines		Dermochelyidae	Dermochelys	Dermochelys coriacea		SPECIES	Dermochelys coriacea (Vandelli, 1761)	Dermochelys coriacea (Vandelli, 1761)	(Vandelli, 1761)	PT			PRESENT		0a80feca-b411-428a-a34e-c5c2fa07cdba	38.636	-27.224	50.0						2007-07-26	26	7	2007	9789983	9789983	HUMAN_OBSERVATION							CC_BY_4_0				Native	2024-01-25T01:38:34.746Z		CONTINENT_DERIVED_FROM_COORDINATES
3962307388	e9c133ef-aefa-456e-9fe6-61d1f7e5c170	xc73-lt87-mq72-uo54-ko16-lu65	Animalia	Chordata	Testudines		Cheloniidae	Caretta	Caretta caretta		SPECIES	Caretta caretta (Linnaeus, 1758)	Caretta caretta (Linnaeus, 1758)	(Linnaeus, 1758)	PT			PRESENT		0a80feca-b411-428a-a34e-c5c2fa07cdba	38.598	-27.364	50.0						2009-07-18	18	7	2009	8894817	8894817	HUMAN_OBSERVATION							CC_BY_4_0				Native	2024-01-25T01:38:34.740Z		
3962307387	e9c133ef-aefa-456e-9fe6-61d1f7e5c170	gs67-wc77-et84-pp56-xt51-nz45	Animalia	Chordata	Testudines		Cheloniidae	Caretta	Caretta caretta		SPECIES	Caretta caretta (Linnaeus, 1758)	Caretta caretta (Linnaeus, 1758)	(Linnaeus, 1758)	PT			PRESENT		0a80feca-b411-428a-a34e-c5c2fa07cdba	38.109	-22.017	50.0						2016-04-19	19	4	2016	8894817	8894817	HUMAN_OBSERVATION							CC_BY_4_0				Native	2024-01-25T01:38:34.730Z		
3962307386	e9c133ef-aefa-456e-9fe6-61d1f7e5c170	ug19-lv57-xx97-iz32-qk71-sz96	Animalia	Chordata	Testudines		Cheloniidae	Caretta	Caretta caretta		SPECIES	Caretta caretta (Linnaeus, 1758)	Caretta caretta (Linnaeus, 1758)	(Linnaeus, 1758)	PT			PRESENT		0a80feca-b411-428a-a34e-c5c2fa07cdba	38.708	-27.4	50.0						2009-06-15	15	6	2009	8894817	8894817	HUMAN_OBSERVATION							CC_BY_4_0				Native	2024-01-25T01:38:34.736Z		CONTINENT_DERIVED_FROM_COORDINATES
3962307385	e9c133ef-aefa-456e-9fe6-61d1f7e5c170	lm12-vc88-bw74-mq39-pz80-ox27	Animalia	Chordata	Testudines		Cheloniidae	Caretta	Caretta caretta		SPECIES	Caretta caretta (Linnaeus, 1758)	Caretta caretta (Linnaeus, 1758)	(Linnaeus, 1758)	PT			PRESENT		0a80feca-b411-428a-a34e-c5c2fa07cdba	37.513	-24.0	50.0						2008-08-19	19	8	2008	8894817	8894817	HUMAN_OBSERVATION							CC_BY_4_0				Native	2024-01-25T01:38:34.723Z		
3962307384	e9c133ef-aefa-456e-9fe6-61d1f7e5c170	do26-gg18-sg47-ae92-md33-tm36	Animalia	Chordata	Testudines		Cheloniidae	Caretta	Caretta caretta		SPECIES	Caretta caretta (Linnaeus, 1758)	Caretta caretta (Linnaeus, 1758)	(Linnaeus, 1758)	PT			PRESENT		0a80feca-b411-428a-a34e-c5c2fa07cdba	38.626	-28.469	50.0						2017-10-03	3	10	2017	8894817	8894817	HUMAN_OBSERVATION							CC_BY_4_0				Native	2024-01-25T01:38:34.726Z		
3962307383	e9c133ef-aefa-456e-9fe6-61d1f7e5c170	dz96-st61-ze34-ki71-hg92-gz76	Animalia	Chordata	Testudines		Cheloniidae	Caretta	Caretta caretta		SPECIES	Caretta caretta (Linnaeus, 1758)	Caretta caretta (Linnaeus, 1758)	(Linnaeus, 1758)	PT			PRESENT		0a80feca-b411-428a-a34e-c5c2fa07cdba	38.646	-27.265	50.0						1996-06-04	4	6	1996	8894817	8894817	HUMAN_OBSERVATION							CC_BY_4_0				Native	2024-01-25T01:38:34.714Z		CONTINENT_DERIVED_FROM_COORDINATES
3962307382	e9c133ef-aefa-456e-9fe6-61d1f7e5c170	ew75-ho61-ej47-dp81-wu52-wb31	Animalia	Chordata	Testudines		Cheloniidae	Caretta	Caretta caretta		SPECIES	Caretta caretta (Linnaeus, 1758)	Caretta caretta (Linnaeus, 1758)	(Linnaeus, 1758)	PT			PRESENT		0a80feca-b411-428a-a34e-c5c2fa07cdba	38.697	-27.035	50.0						1996-01-30	30	1	1996	8894817	8894817	HUMAN_OBSERVATION							CC_BY_4_0				Native	2024-01-25T01:38:34.710Z		CONTINENT_DERIVED_FROM_COORDINATES
3962307381	e9c133ef-aefa-456e-9fe6-61d1f7e5c170	hn84-mi32-zb80-jj73-pi48-kt54	Animalia	Chordata	Testudines		Cheloniidae	Caretta	Caretta caretta		SPECIES	Caretta caretta (Linnaeus, 1758)	Caretta caretta (Linnaeus, 1758)	(Linnaeus, 1758)	PT			PRESENT		0a80feca-b411-428a-a34e-c5c2fa07cdba	38.633	-27.212	50.0						2015-03-19	19	3	2015	8894817	8894817	HUMAN_OBSERVATION							CC_BY_4_0				Native	2024-01-25T01:38:34.703Z		CONTINENT_DERIVED_FROM_COORDINATES
3962307380	e9c133ef-aefa-456e-9fe6-61d1f7e5c170	tr43-mf63-cq82-gz21-wq14-qx12	Animalia	Chordata	Testudines		Cheloniidae	Caretta	Caretta caretta		SPECIES	Caretta caretta (Linnaeus, 1758)	Caretta caretta (Linnaeus, 1758)	(Linnaeus, 1758)	PT			PRESENT		0a80feca-b411-428a-a34e-c5c2fa07cdba	38.678	-27.044	50.0						2015-06-05	5	6	2015	8894817	8894817	HUMAN_OBSERVATION							CC_BY_4_0				Native	2024-01-25T01:38:34.697Z		CONTINENT_DERIVED_FROM_COORDINATES
3962307379	e9c133ef-aefa-456e-9fe6-61d1f7e5c170	nz87-ie73-au98-ru53-de64-lb62	Animalia	Chordata	Testudines		Cheloniidae	Chelonia	Chelonia mydas		SPECIES	Chelonia mydas (Linnaeus, 1758)	Chelonia mydas (Linnaeus, 1758)	(Linnaeus, 1758)	PT			PRESENT		0a80feca-b411-428a-a34e-c5c2fa07cdba	38.646	-27.265	50.0						2019-10-15	15	10	2019	2442225	2442225	HUMAN_OBSERVATION							CC_BY_4_0				Native	2024-01-25T01:38:34.687Z		CONTINENT_DERIVED_FROM_COORDINATES
3962307378	e9c133ef-aefa-456e-9fe6-61d1f7e5c170	fz77-zc12-og41-ci59-qw42-uw72	Animalia	Chordata	Testudines		Cheloniidae	Caretta	Caretta caretta		SPECIES	Caretta caretta (Linnaeus, 1758)	Caretta caretta (Linnaeus, 1758)	(Linnaeus, 1758)	PT			PRESENT		0a80feca-b411-428a-a34e-c5c2fa07cdba	38.587	-27.225	50.0						1997-10-03	3	10	1997	8894817	8894817	HUMAN_OBSERVATION							CC_BY_4_0				Native	2024-01-25T01:38:34.678Z		
3962307376	e9c133ef-aefa-456e-9fe6-61d1f7e5c170	mf51-fu18-wk61-ls58-ow39-ix50	Animalia	Chordata	Testudines		Cheloniidae	Caretta	Caretta caretta		SPECIES	Caretta caretta (Linnaeus, 1758)	Caretta caretta (Linnaeus, 1758)	(Linnaeus, 1758)	PT			PRESENT		0a80feca-b411-428a-a34e-c5c2fa07cdba	38.346	-28.683	50.0						2008-08-29	29	8	2008	8894817	8894817	HUMAN_OBSERVATION							CC_BY_4_0				Native	2024-01-25T01:38:34.676Z		
3962307375	e9c133ef-aefa-456e-9fe6-61d1f7e5c170	ab38-xv67-bb97-xd79-rz33-pd26	Animalia	Chordata	Testudines		Cheloniidae	Caretta	Caretta caretta		SPECIES	Caretta caretta (Linnaeus, 1758)	Caretta caretta (Linnaeus, 1758)	(Linnaeus, 1758)	PT			PRESENT		0a80feca-b411-428a-a34e-c5c2fa07cdba	38.724	-27.026	50.0						1996-10-14	14	10	1996	8894817	8894817	HUMAN_OBSERVATION							CC_BY_4_0				Native	2024-01-25T01:38:34.667Z		CONTINENT_DERIVED_FROM_COORDINATES
3962307374	e9c133ef-aefa-456e-9fe6-61d1f7e5c170	wg23-mp69-pa94-iz52-zh26-to85	Animalia	Chordata	Testudines		Cheloniidae	Caretta	Caretta caretta		SPECIES	Caretta caretta (Linnaeus, 1758)	Caretta caretta (Linnaeus, 1758)	(Linnaeus, 1758)	PT			PRESENT		0a80feca-b411-428a-a34e-c5c2fa07cdba	38.362	-28.155	50.0						2017-10-10	10	10	2017	8894817	8894817	HUMAN_OBSERVATION							CC_BY_4_0				Native	2024-01-25T01:38:34.656Z		CONTINENT_DERIVED_FROM_COORDINATES
3962307373	e9c133ef-aefa-456e-9fe6-61d1f7e5c170	se51-hg19-jf91-rg28-xp89-na48	Animalia	Chordata	Testudines		Cheloniidae	Caretta	Caretta caretta		SPECIES	Caretta caretta (Linnaeus, 1758)	Caretta caretta (Linnaeus, 1758)	(Linnaeus, 1758)	PT			PRESENT		0a80feca-b411-428a-a34e-c5c2fa07cdba	38.646	-27.215	50.0						2013-08-08	8	8	2013	8894817	8894817	HUMAN_OBSERVATION							CC_BY_4_0				Native	2024-01-25T01:38:34.650Z		CONTINENT_DERIVED_FROM_COORDINATES
3962307372	e9c133ef-aefa-456e-9fe6-61d1f7e5c170	xi93-ya84-fm56-ms22-jn73-pc43	Animalia	Chordata	Testudines		Cheloniidae	Caretta	Caretta caretta		SPECIES	Caretta caretta (Linnaeus, 1758)	Caretta caretta (Linnaeus, 1758)	(Linnaeus, 1758)	PT			PRESENT		0a80feca-b411-428a-a34e-c5c2fa07cdba	38.403	-26.478	50.0						2010-07-29	29	7	2010	8894817	8894817	HUMAN_OBSERVATION							CC_BY_4_0				Native	2024-01-25T01:38:34.643Z		
3962307370	e9c133ef-aefa-456e-9fe6-61d1f7e5c170	zq36-ut10-pq31-iq28-ne34-ce25	Animalia	Chordata	Testudines		Cheloniidae	Caretta	Caretta caretta		SPECIES	Caretta caretta (Linnaeus, 1758)	Caretta caretta (Linnaeus, 1758)	(Linnaeus, 1758)	PT			PRESENT		0a80feca-b411-428a-a34e-c5c2fa07cdba	38.636	-27.235	50.0						2007-06-22	22	6	2007	8894817	8894817	HUMAN_OBSERVATION							CC_BY_4_0				Native	2024-01-25T01:38:34.632Z		CONTINENT_DERIVED_FROM_COORDINATES
3962307369	e9c133ef-aefa-456e-9fe6-61d1f7e5c170	ls72-ew52-lh71-ng34-uq20-uu90	Animalia	Chordata	Testudines		Cheloniidae	Caretta	Caretta caretta		SPECIES	Caretta caretta (Linnaeus, 1758)	Caretta caretta (Linnaeus, 1758)	(Linnaeus, 1758)	PT			PRESENT		0a80feca-b411-428a-a34e-c5c2fa07cdba	38.6	-27.233	50.0						2006-07-05	5	7	2006	8894817	8894817	HUMAN_OBSERVATION							CC_BY_4_0				Native	2024-01-25T01:38:34.627Z		CONTINENT_DERIVED_FROM_COORDINATES
3962307366	e9c133ef-aefa-456e-9fe6-61d1f7e5c170	ki46-ie72-jt25-tb37-qj31-az25	Animalia	Chordata	Testudines		Cheloniidae	Caretta	Caretta caretta		SPECIES	Caretta caretta (Linnaeus, 1758)	Caretta caretta (Linnaeus, 1758)	(Linnaeus, 1758)	PT			PRESENT		0a80feca-b411-428a-a34e-c5c2fa07cdba	38.643	-27.152	50.0						2018-07-05	5	7	2018	8894817	8894817	HUMAN_OBSERVATION							CC_BY_4_0				Native	2024-01-25T01:38:34.618Z		CONTINENT_DERIVED_FROM_COORDINATES
3962307365	e9c133ef-aefa-456e-9fe6-61d1f7e5c170	we45-uc56-id71-jt21-ye21-ev17	Animalia	Chordata	Testudines		Cheloniidae	Caretta	Caretta caretta		SPECIES	Caretta caretta (Linnaeus, 1758)	Caretta caretta (Linnaeus, 1758)	(Linnaeus, 1758)	PT			PRESENT		0a80feca-b411-428a-a34e-c5c2fa07cdba	38.606	-27.236	50.0						2008-06-03	3	6	2008	8894817	8894817	HUMAN_OBSERVATION							CC_BY_4_0				Native	2024-01-25T01:38:34.611Z		CONTINENT_DERIVED_FROM_COORDINATES
3962307363	e9c133ef-aefa-456e-9fe6-61d1f7e5c170	um38-lx73-oc41-ur67-gw12-vy25	Animalia	Chordata	Testudines		Cheloniidae	Chelonia	Chelonia mydas		SPECIES	Chelonia mydas (Linnaeus, 1758)	Chelonia mydas (Linnaeus, 1758)	(Linnaeus, 1758)	PT			PRESENT		0a80feca-b411-428a-a34e-c5c2fa07cdba	38.649	-27.221	50.0						2020-07-14	14	7	2020	2442225	2442225	HUMAN_OBSERVATION							CC_BY_4_0				Native	2024-01-25T01:38:34.604Z		CONTINENT_DERIVED_FROM_COORDINATES
3962307362	e9c133ef-aefa-456e-9fe6-61d1f7e5c170	vo73-vx69-wd61-jj21-ym92-hb53	Animalia	Chordata	Testudines		Cheloniidae	Caretta	Caretta caretta		SPECIES	Caretta caretta (Linnaeus, 1758)	Caretta caretta (Linnaeus, 1758)	(Linnaeus, 1758)	PT			PRESENT		0a80feca-b411-428a-a34e-c5c2fa07cdba	38.685	-28.627	50.0						2017-08-18	18	8	2017	8894817	8894817	HUMAN_OBSERVATION							CC_BY_4_0				Native	2024-01-25T01:38:34.592Z		
3962307361	e9c133ef-aefa-456e-9fe6-61d1f7e5c170	zm52-pu98-ax70-cj96-lh58-dz28	Animalia	Chordata	Testudines		Cheloniidae	Caretta	Caretta caretta		SPECIES	Caretta caretta (Linnaeus, 1758)	Caretta caretta (Linnaeus, 1758)	(Linnaeus, 1758)	PT			PRESENT		0a80feca-b411-428a-a34e-c5c2fa07cdba	38.699	-28.746	50.0						2018-04-24	24	4	2018	8894817	8894817	HUMAN_OBSERVATION							CC_BY_4_0				Native	2024-01-25T01:38:34.598Z		
3962307360	e9c133ef-aefa-456e-9fe6-61d1f7e5c170	fd68-kb34-zk54-ui95-jy83-zi13	Animalia	Chordata	Testudines		Cheloniidae	Caretta	Caretta caretta		SPECIES	Caretta caretta (Linnaeus, 1758)	Caretta caretta (Linnaeus, 1758)	(Linnaeus, 1758)	PT			PRESENT		0a80feca-b411-428a-a34e-c5c2fa07cdba	38.803	-28.702	50.0						2018-02-04	4	2	2018	8894817	8894817	HUMAN_OBSERVATION							CC_BY_4_0				Native	2024-01-25T01:38:34.588Z		
3962307359	e9c133ef-aefa-456e-9fe6-61d1f7e5c170	um18-mt60-an68-ux54-zq66-cj11	Animalia	Chordata	Testudines		Cheloniidae	Lepidochelys	Lepidochelys olivacea		SPECIES	Lepidochelys olivacea (Eschscholtz, 1829)	Lepidochelys olivacea (Eschscholtz, 1829)	(Eschscholtz, 1829)	PT			PRESENT		0a80feca-b411-428a-a34e-c5c2fa07cdba	37.967	-26.167	50.0						2020-10-09	9	10	2020	2442153	2442153	HUMAN_OBSERVATION							CC_BY_4_0				Vagrant	2024-01-25T01:38:34.581Z		
3962307358	e9c133ef-aefa-456e-9fe6-61d1f7e5c170	qc99-rz52-ik30-qg97-dh17-kt40	Animalia	Chordata	Testudines		Cheloniidae	Caretta	Caretta caretta		SPECIES	Caretta caretta (Linnaeus, 1758)	Caretta caretta (Linnaeus, 1758)	(Linnaeus, 1758)	PT			PRESENT		0a80feca-b411-428a-a34e-c5c2fa07cdba	38.632	-27.29	50.0						2018-08-08	8	8	2018	8894817	8894817	HUMAN_OBSERVATION							CC_BY_4_0				Native	2024-01-25T01:38:34.583Z		CONTINENT_DERIVED_FROM_COORDINATES
3962307356	e9c133ef-aefa-456e-9fe6-61d1f7e5c170	gm20-jq12-rh58-ck97-yh66-uk61	Animalia	Chordata	Testudines		Cheloniidae	Caretta	Caretta caretta		SPECIES	Caretta caretta (Linnaeus, 1758)	Caretta caretta (Linnaeus, 1758)	(Linnaeus, 1758)	PT			PRESENT		0a80feca-b411-428a-a34e-c5c2fa07cdba	38.588	-22.9	50.0						2008-08-16	16	8	2008	8894817	8894817	HUMAN_OBSERVATION							CC_BY_4_0				Native	2024-01-25T01:38:34.575Z		
3962307355	e9c133ef-aefa-456e-9fe6-61d1f7e5c170	qd94-qs70-id12-hx79-bv25-tu74	Animalia	Chordata	Testudines		Cheloniidae	Caretta	Caretta caretta		SPECIES	Caretta caretta (Linnaeus, 1758)	Caretta caretta (Linnaeus, 1758)	(Linnaeus, 1758)	PT			PRESENT		0a80feca-b411-428a-a34e-c5c2fa07cdba	38.357	-26.734	50.0						2009-07-27	27	7	2009	8894817	8894817	HUMAN_OBSERVATION							CC_BY_4_0				Native	2024-01-25T01:38:34.573Z		
3962307353	e9c133ef-aefa-456e-9fe6-61d1f7e5c170	pm93-pl26-hz24-xz96-gg95-ta55	Animalia	Chordata	Testudines		Cheloniidae	Caretta	Caretta caretta		SPECIES	Caretta caretta (Linnaeus, 1758)	Caretta caretta (Linnaeus, 1758)	(Linnaeus, 1758)	PT			PRESENT		0a80feca-b411-428a-a34e-c5c2fa07cdba	38.567	-28.3	50.0						2017-12-16	16	12	2017	8894817	8894817	HUMAN_OBSERVATION							CC_BY_4_0				Native	2024-01-25T01:38:34.559Z		CONTINENT_DERIVED_FROM_COORDINATES
3962307352	e9c133ef-aefa-456e-9fe6-61d1f7e5c170	zr63-in31-tw97-qf48-ub84-hv24	Animalia	Chordata	Testudines		Cheloniidae	Caretta	Caretta caretta		SPECIES	Caretta caretta (Linnaeus, 1758)	Caretta caretta (Linnaeus, 1758)	(Linnaeus, 1758)	PT			PRESENT		0a80feca-b411-428a-a34e-c5c2fa07cdba	38.322	-28.85	50.0						2008-10-10	10	10	2008	8894817	8894817	HUMAN_OBSERVATION							CC_BY_4_0				Native	2024-01-25T01:38:34.555Z		
3962307351	e9c133ef-aefa-456e-9fe6-61d1f7e5c170	mp24-sa86-kh12-fk41-kz52-qy10	Animalia	Chordata	Testudines		Cheloniidae	Caretta	Caretta caretta		SPECIES	Caretta caretta (Linnaeus, 1758)	Caretta caretta (Linnaeus, 1758)	(Linnaeus, 1758)	PT			PRESENT		0a80feca-b411-428a-a34e-c5c2fa07cdba	38.835	-27.591	50.0						2009-07-18	18	7	2009	8894817	8894817	HUMAN_OBSERVATION							CC_BY_4_0				Native	2024-01-25T01:38:34.553Z		
3962307350	e9c133ef-aefa-456e-9fe6-61d1f7e5c170	zf41-ec24-kh87-ys17-ms85-by42	Animalia	Chordata	Testudines		Cheloniidae	Caretta	Caretta caretta		SPECIES	Caretta caretta (Linnaeus, 1758)	Caretta caretta (Linnaeus, 1758)	(Linnaeus, 1758)	PT			PRESENT		0a80feca-b411-428a-a34e-c5c2fa07cdba	38.64	-27.241	50.0						2011-07-14	14	7	2011	8894817	8894817	HUMAN_OBSERVATION							CC_BY_4_0				Native	2024-01-25T01:38:34.534Z		CONTINENT_DERIVED_FROM_COORDINATES
3962307348	e9c133ef-aefa-456e-9fe6-61d1f7e5c170	mr73-rt73-zr51-ct85-ns36-bh92	Animalia	Chordata	Testudines		Cheloniidae	Caretta	Caretta caretta		SPECIES	Caretta caretta (Linnaeus, 1758)	Caretta caretta (Linnaeus, 1758)	(Linnaeus, 1758)	PT			PRESENT		0a80feca-b411-428a-a34e-c5c2fa07cdba	38.247	-28.969	50.0						2008-10-11	11	10	2008	8894817	8894817	HUMAN_OBSERVATION							CC_BY_4_0				Native	2024-01-25T01:38:34.531Z		
3962307347	e9c133ef-aefa-456e-9fe6-61d1f7e5c170	qk90-lg14-qy68-dr12-hc92-lf32	Animalia	Chordata	Testudines		Cheloniidae	Caretta	Caretta caretta		SPECIES	Caretta caretta (Linnaeus, 1758)	Caretta caretta (Linnaeus, 1758)	(Linnaeus, 1758)	PT			PRESENT		0a80feca-b411-428a-a34e-c5c2fa07cdba	38.482	-28.541	50.0						2018-05-24	24	5	2018	8894817	8894817	HUMAN_OBSERVATION							CC_BY_4_0				Native	2024-01-25T01:38:34.527Z		CONTINENT_DERIVED_FROM_COORDINATES
3962307346	e9c133ef-aefa-456e-9fe6-61d1f7e5c170	rz51-bq63-zw99-io72-xq27-nk27	Animalia	Chordata	Testudines		Cheloniidae	Caretta	Caretta caretta		SPECIES	Caretta caretta (Linnaeus, 1758)	Caretta caretta (Linnaeus, 1758)	(Linnaeus, 1758)	PT			PRESENT		0a80feca-b411-428a-a34e-c5c2fa07cdba	38.697	-27.035	50.0						2015-01-23	23	1	2015	8894817	8894817	HUMAN_OBSERVATION							CC_BY_4_0				Native	2024-01-25T01:38:34.521Z		CONTINENT_DERIVED_FROM_COORDINATES
3962307345	e9c133ef-aefa-456e-9fe6-61d1f7e5c170	xe17-nm61-bo25-ja97-ei95-jr44	Animalia	Chordata	Testudines		Cheloniidae	Caretta	Caretta caretta		SPECIES	Caretta caretta (Linnaeus, 1758)	Caretta caretta (Linnaeus, 1758)	(Linnaeus, 1758)	PT			PRESENT		0a80feca-b411-428a-a34e-c5c2fa07cdba	38.631	-27.162	50.0						1998-01-01	1	1	1998	8894817	8894817	HUMAN_OBSERVATION							CC_BY_4_0				Native	2024-01-25T01:38:34.513Z		CONTINENT_DERIVED_FROM_COORDINATES
3962307344	e9c133ef-aefa-456e-9fe6-61d1f7e5c170	vw97-nl53-zi51-fv13-pr56-lw25	Animalia	Chordata	Testudines		Cheloniidae	Caretta	Caretta caretta		SPECIES	Caretta caretta (Linnaeus, 1758)	Caretta caretta (Linnaeus, 1758)	(Linnaeus, 1758)	PT			PRESENT		0a80feca-b411-428a-a34e-c5c2fa07cdba	38.492	-28.575	50.0						2018-05-16	16	5	2018	8894817	8894817	HUMAN_OBSERVATION							CC_BY_4_0				Native	2024-01-25T01:38:34.508Z		CONTINENT_DERIVED_FROM_COORDINATES
3962307343	e9c133ef-aefa-456e-9fe6-61d1f7e5c170	hb29-fv56-zp33-up20-vs63-vi22	Animalia	Chordata	Testudines		Cheloniidae	Caretta	Caretta caretta		SPECIES	Caretta caretta (Linnaeus, 1758)	Caretta caretta (Linnaeus, 1758)	(Linnaeus, 1758)	PT			PRESENT		0a80feca-b411-428a-a34e-c5c2fa07cdba	38.361	-28.128	50.0						2017-10-10	10	10	2017	8894817	8894817	HUMAN_OBSERVATION							CC_BY_4_0				Native	2024-01-25T01:38:34.497Z		CONTINENT_DERIVED_FROM_COORDINATES
3962307341	e9c133ef-aefa-456e-9fe6-61d1f7e5c170	hl25-hb87-qn76-eu88-sg27-wi75	Animalia	Chordata	Testudines		Cheloniidae	Caretta	Caretta caretta		SPECIES	Caretta caretta (Linnaeus, 1758)	Caretta caretta (Linnaeus, 1758)	(Linnaeus, 1758)	PT			PRESENT		0a80feca-b411-428a-a34e-c5c2fa07cdba	38.596	-28.453	50.0						2018-04-27	27	4	2018	8894817	8894817	HUMAN_OBSERVATION							CC_BY_4_0				Native	2024-01-25T01:38:34.475Z		CONTINENT_DERIVED_FROM_COORDINATES
3962307340	e9c133ef-aefa-456e-9fe6-61d1f7e5c170	zu24-yn34-mr66-nc48-pj93-ve83	Animalia	Chordata	Testudines		Cheloniidae	Caretta	Caretta caretta		SPECIES	Caretta caretta (Linnaeus, 1758)	Caretta caretta (Linnaeus, 1758)	(Linnaeus, 1758)	PT			PRESENT		0a80feca-b411-428a-a34e-c5c2fa07cdba	38.76	-28.155	50.0						2020-08-06	6	8	2020	8894817	8894817	HUMAN_OBSERVATION							CC_BY_4_0				Native	2024-01-25T01:38:34.491Z		CONTINENT_DERIVED_FROM_COORDINATES
3962307339	e9c133ef-aefa-456e-9fe6-61d1f7e5c170	ua96-fo71-ba70-kt70-ca90-hc97	Animalia	Chordata	Testudines		Cheloniidae	Caretta	Caretta caretta		SPECIES	Caretta caretta (Linnaeus, 1758)	Caretta caretta (Linnaeus, 1758)	(Linnaeus, 1758)	PT			PRESENT		0a80feca-b411-428a-a34e-c5c2fa07cdba	38.296	-26.244	50.0						2010-08-07	7	8	2010	8894817	8894817	HUMAN_OBSERVATION							CC_BY_4_0				Native	2024-01-25T01:38:34.472Z		
3962307338	e9c133ef-aefa-456e-9fe6-61d1f7e5c170	ts92-ay72-pm44-vd64-aw93-sg31	Animalia	Chordata	Testudines		Cheloniidae	Caretta	Caretta caretta		SPECIES	Caretta caretta (Linnaeus, 1758)	Caretta caretta (Linnaeus, 1758)	(Linnaeus, 1758)	PT			PRESENT		0a80feca-b411-428a-a34e-c5c2fa07cdba	38.383	-27.132	50.0						2012-05-26	26	5	2012	8894817	8894817	HUMAN_OBSERVATION							CC_BY_4_0				Native	2024-01-25T01:38:34.470Z		
3962307337	e9c133ef-aefa-456e-9fe6-61d1f7e5c170	wa78-wt65-iq29-xn98-ds54-ny34	Animalia	Chordata	Testudines		Cheloniidae	Caretta	Caretta caretta		SPECIES	Caretta caretta (Linnaeus, 1758)	Caretta caretta (Linnaeus, 1758)	(Linnaeus, 1758)	PT			PRESENT		0a80feca-b411-428a-a34e-c5c2fa07cdba	37.256	-31.406	50.0						2010-09-04	4	9	2010	8894817	8894817	HUMAN_OBSERVATION							CC_BY_4_0				Native	2024-01-25T01:38:34.468Z		
3962307336	e9c133ef-aefa-456e-9fe6-61d1f7e5c170	gh67-pj24-eo65-ob73-gy37-gb58	Animalia	Chordata	Testudines		Cheloniidae	Caretta	Caretta caretta		SPECIES	Caretta caretta (Linnaeus, 1758)	Caretta caretta (Linnaeus, 1758)	(Linnaeus, 1758)	PT			PRESENT		0a80feca-b411-428a-a34e-c5c2fa07cdba	38.567	-26.507	50.0						2008-10-27	27	10	2008	8894817	8894817	HUMAN_OBSERVATION							CC_BY_4_0				Native	2024-01-25T01:38:34.464Z		
3962307335	e9c133ef-aefa-456e-9fe6-61d1f7e5c170	zi75-br11-ln74-mz55-ss12-nw87	Animalia	Chordata	Testudines		Cheloniidae	Caretta	Caretta caretta		SPECIES	Caretta caretta (Linnaeus, 1758)	Caretta caretta (Linnaeus, 1758)	(Linnaeus, 1758)	PT			PRESENT		0a80feca-b411-428a-a34e-c5c2fa07cdba	38.634	-27.122	50.0						1996-05-21	21	5	1996	8894817	8894817	HUMAN_OBSERVATION							CC_BY_4_0				Native	2024-01-25T01:38:34.457Z		CONTINENT_DERIVED_FROM_COORDINATES
3962307333	e9c133ef-aefa-456e-9fe6-61d1f7e5c170	le99-tk19-rq86-ib99-ua36-rw36	Animalia	Chordata	Testudines		Cheloniidae	Caretta	Caretta caretta		SPECIES	Caretta caretta (Linnaeus, 1758)	Caretta caretta (Linnaeus, 1758)	(Linnaeus, 1758)	PT			PRESENT		0a80feca-b411-428a-a34e-c5c2fa07cdba	39.011	-27.265	50.0						2014-12-18	18	12	2014	8894817	8894817	HUMAN_OBSERVATION							CC_BY_4_0				Native	2024-01-25T01:38:34.461Z		
3962307332	e9c133ef-aefa-456e-9fe6-61d1f7e5c170	hz29-kr63-qk16-sd30-jp20-bz80	Animalia	Chordata	Testudines		Cheloniidae	Caretta	Caretta caretta		SPECIES	Caretta caretta (Linnaeus, 1758)	Caretta caretta (Linnaeus, 1758)	(Linnaeus, 1758)	PT			PRESENT		0a80feca-b411-428a-a34e-c5c2fa07cdba	38.599	-27.243	50.0						2018-06-12	12	6	2018	8894817	8894817	HUMAN_OBSERVATION							CC_BY_4_0				Native	2024-01-25T01:38:34.452Z		CONTINENT_DERIVED_FROM_COORDINATES
3962307331	e9c133ef-aefa-456e-9fe6-61d1f7e5c170	rs22-mv88-jo42-eq58-gv77-rn17	Animalia	Chordata	Testudines		Cheloniidae	Caretta	Caretta caretta		SPECIES	Caretta caretta (Linnaeus, 1758)	Caretta caretta (Linnaeus, 1758)	(Linnaeus, 1758)	PT			PRESENT		0a80feca-b411-428a-a34e-c5c2fa07cdba	38.785	-26.897	50.0						1995-12-11	11	12	1995	8894817	8894817	HUMAN_OBSERVATION							CC_BY_4_0				Native	2024-01-25T01:38:34.434Z		
3962307330	e9c133ef-aefa-456e-9fe6-61d1f7e5c170	mv91-bf12-tb72-ie45-md58-yc52	Animalia	Chordata	Testudines		Cheloniidae	Caretta	Caretta caretta		SPECIES	Caretta caretta (Linnaeus, 1758)	Caretta caretta (Linnaeus, 1758)	(Linnaeus, 1758)	PT			PRESENT		0a80feca-b411-428a-a34e-c5c2fa07cdba	38.577	-27.141	50.0						2018-07-31	31	7	2018	8894817	8894817	HUMAN_OBSERVATION							CC_BY_4_0				Native	2024-01-25T01:38:34.441Z		CONTINENT_DERIVED_FROM_COORDINATES
3962307329	e9c133ef-aefa-456e-9fe6-61d1f7e5c170	vl50-hx93-yj67-tl75-te21-ne20	Animalia	Chordata	Testudines		Cheloniidae	Caretta	Caretta caretta		SPECIES	Caretta caretta (Linnaeus, 1758)	Caretta caretta (Linnaeus, 1758)	(Linnaeus, 1758)	PT			PRESENT		0a80feca-b411-428a-a34e-c5c2fa07cdba	37.943	-29.017	50.0						2008-09-06	6	9	2008	8894817	8894817	HUMAN_OBSERVATION							CC_BY_4_0				Native	2024-01-25T01:38:34.420Z		
3962307328	e9c133ef-aefa-456e-9fe6-61d1f7e5c170	ov61-lk37-re88-tu22-tu91-jc38	Animalia	Chordata	Testudines		Cheloniidae	Caretta	Caretta caretta		SPECIES	Caretta caretta (Linnaeus, 1758)	Caretta caretta (Linnaeus, 1758)	(Linnaeus, 1758)	PT			PRESENT		0a80feca-b411-428a-a34e-c5c2fa07cdba	37.755	-25.053	50.0						2008-08-22	22	8	2008	8894817	8894817	HUMAN_OBSERVATION							CC_BY_4_0				Native	2024-01-25T01:38:34.415Z		
3962307327	e9c133ef-aefa-456e-9fe6-61d1f7e5c170	uq88-lp34-cz87-aw73-ho10-mc25	Animalia	Chordata	Testudines		Cheloniidae	Caretta	Caretta caretta		SPECIES	Caretta caretta (Linnaeus, 1758)	Caretta caretta (Linnaeus, 1758)	(Linnaeus, 1758)	PT			PRESENT		0a80feca-b411-428a-a34e-c5c2fa07cdba	38.635	-27.327	50.0						1997-07-06	6	7	1997	8894817	8894817	HUMAN_OBSERVATION							CC_BY_4_0				Native	2024-01-25T01:38:34.405Z		CONTINENT_DERIVED_FROM_COORDINATES
3962307326	e9c133ef-aefa-456e-9fe6-61d1f7e5c170	nr77-lu81-cm97-ro45-ho87-ll87	Animalia	Chordata	Testudines		Cheloniidae	Caretta	Caretta caretta		SPECIES	Caretta caretta (Linnaeus, 1758)	Caretta caretta (Linnaeus, 1758)	(Linnaeus, 1758)	PT			PRESENT		0a80feca-b411-428a-a34e-c5c2fa07cdba	37.935	-27.485	50.0						2010-08-15	15	8	2010	8894817	8894817	HUMAN_OBSERVATION							CC_BY_4_0				Native	2024-01-25T01:38:34.395Z		
3962307325	e9c133ef-aefa-456e-9fe6-61d1f7e5c170	kx45-re73-oe65-jj76-io82-wn42	Animalia	Chordata	Testudines		Cheloniidae	Caretta	Caretta caretta		SPECIES	Caretta caretta (Linnaeus, 1758)	Caretta caretta (Linnaeus, 1758)	(Linnaeus, 1758)	PT			PRESENT		0a80feca-b411-428a-a34e-c5c2fa07cdba	38.453	-27.66	50.0						2009-05-17	17	5	2009	8894817	8894817	HUMAN_OBSERVATION							CC_BY_4_0				Native	2024-01-25T01:38:34.391Z		
3962307324	e9c133ef-aefa-456e-9fe6-61d1f7e5c170	km70-kh23-vf38-uh18-cw83-mv12	Animalia	Chordata	Testudines		Cheloniidae	Chelonia	Chelonia mydas		SPECIES	Chelonia mydas (Linnaeus, 1758)	Chelonia mydas (Linnaeus, 1758)	(Linnaeus, 1758)	PT			PRESENT		0a80feca-b411-428a-a34e-c5c2fa07cdba	38.667	-27.065	50.0						2008-07-28	28	7	2008	2442225	2442225	HUMAN_OBSERVATION							CC_BY_4_0				Native	2024-01-25T01:38:34.378Z		CONTINENT_DERIVED_FROM_COORDINATES
3962307323	e9c133ef-aefa-456e-9fe6-61d1f7e5c170	in97-pv58-gm69-eh12-jk37-qs87	Animalia	Chordata	Testudines		Cheloniidae	Caretta	Caretta caretta		SPECIES	Caretta caretta (Linnaeus, 1758)	Caretta caretta (Linnaeus, 1758)	(Linnaeus, 1758)	PT			PRESENT		0a80feca-b411-428a-a34e-c5c2fa07cdba	38.646	-27.069	50.0						1996-02-09	9	2	1996	8894817	8894817	HUMAN_OBSERVATION							CC_BY_4_0				Native	2024-01-25T01:38:34.368Z		CONTINENT_DERIVED_FROM_COORDINATES
3962307322	e9c133ef-aefa-456e-9fe6-61d1f7e5c170	pn72-yv99-aj69-vw92-gj17-xa67	Animalia	Chordata	Testudines		Cheloniidae	Caretta	Caretta caretta		SPECIES	Caretta caretta (Linnaeus, 1758)	Caretta caretta (Linnaeus, 1758)	(Linnaeus, 1758)	PT			PRESENT		0a80feca-b411-428a-a34e-c5c2fa07cdba	38.509	-27.133	50.0						2008-10-16	16	10	2008	8894817	8894817	HUMAN_OBSERVATION							CC_BY_4_0				Native	2024-01-25T01:38:34.360Z		
3962307321	e9c133ef-aefa-456e-9fe6-61d1f7e5c170	bc89-iy75-sd11-ei99-ih48-cp36	Animalia	Chordata	Testudines		Cheloniidae	Caretta	Caretta caretta		SPECIES	Caretta caretta (Linnaeus, 1758)	Caretta caretta (Linnaeus, 1758)	(Linnaeus, 1758)	PT			PRESENT		0a80feca-b411-428a-a34e-c5c2fa07cdba	38.357	-26.332	50.0						2010-08-10	10	8	2010	8894817	8894817	HUMAN_OBSERVATION							CC_BY_4_0				Native	2024-01-25T01:38:34.346Z		
3962307319	e9c133ef-aefa-456e-9fe6-61d1f7e5c170	fl39-vf43-mv23-pe19-nn81-kl76	Animalia	Chordata	Testudines		Cheloniidae	Caretta	Caretta caretta		SPECIES	Caretta caretta (Linnaeus, 1758)	Caretta caretta (Linnaeus, 1758)	(Linnaeus, 1758)	PT			PRESENT		0a80feca-b411-428a-a34e-c5c2fa07cdba	38.572	-27.39	50.0						2017-08-19	19	8	2017	8894817	8894817	HUMAN_OBSERVATION							CC_BY_4_0				Native	2024-01-25T01:38:34.319Z		
3962307318	e9c133ef-aefa-456e-9fe6-61d1f7e5c170	if46-ae37-ea67-rf83-jd26-on60	Animalia	Chordata	Testudines		Cheloniidae	Caretta	Caretta caretta		SPECIES	Caretta caretta (Linnaeus, 1758)	Caretta caretta (Linnaeus, 1758)	(Linnaeus, 1758)	PT			PRESENT		0a80feca-b411-428a-a34e-c5c2fa07cdba	38.299	-27.215	50.0						2013-06-23	23	6	2013	8894817	8894817	HUMAN_OBSERVATION							CC_BY_4_0				Native	2024-01-25T01:38:34.312Z		
3962307317	e9c133ef-aefa-456e-9fe6-61d1f7e5c170	kr51-cu86-le48-ke34-sd56-wx46	Animalia	Chordata	Testudines		Cheloniidae	Caretta	Caretta caretta		SPECIES	Caretta caretta (Linnaeus, 1758)	Caretta caretta (Linnaeus, 1758)	(Linnaeus, 1758)	PT			PRESENT		0a80feca-b411-428a-a34e-c5c2fa07cdba	37.405	-31.108	50.0						2010-08-24	24	8	2010	8894817	8894817	HUMAN_OBSERVATION							CC_BY_4_0				Native	2024-01-25T01:38:34.302Z		
3962307316	e9c133ef-aefa-456e-9fe6-61d1f7e5c170	ka96-mh52-pi52-ow69-ba99-bb23	Animalia	Chordata	Testudines		Cheloniidae	Caretta	Caretta caretta		SPECIES	Caretta caretta (Linnaeus, 1758)	Caretta caretta (Linnaeus, 1758)	(Linnaeus, 1758)	PT			PRESENT		0a80feca-b411-428a-a34e-c5c2fa07cdba	38.531	-28.624	50.0						2020-07-23	23	7	2020	8894817	8894817	HUMAN_OBSERVATION							CC_BY_4_0				Native	2024-01-25T01:38:34.306Z		CONTINENT_DERIVED_FROM_COORDINATES
3962307315	e9c133ef-aefa-456e-9fe6-61d1f7e5c170	wi13-tq85-mh44-ga56-kr56-pq94	Animalia	Chordata	Testudines		Cheloniidae	Caretta	Caretta caretta		SPECIES	Caretta caretta (Linnaeus, 1758)	Caretta caretta (Linnaeus, 1758)	(Linnaeus, 1758)	PT			PRESENT		0a80feca-b411-428a-a34e-c5c2fa07cdba	38.603	-27.33	50.0						2019-08-23	23	8	2019	8894817	8894817	HUMAN_OBSERVATION							CC_BY_4_0				Native	2024-01-25T01:38:34.297Z		
3962307314	e9c133ef-aefa-456e-9fe6-61d1f7e5c170	ua15-jq77-to13-ok60-zw11-ny35	Animalia	Chordata	Testudines		Cheloniidae	Caretta	Caretta caretta		SPECIES	Caretta caretta (Linnaeus, 1758)	Caretta caretta (Linnaeus, 1758)	(Linnaeus, 1758)	PT			PRESENT		0a80feca-b411-428a-a34e-c5c2fa07cdba	38.718	-28.856	50.0						2018-03-27	27	3	2018	8894817	8894817	HUMAN_OBSERVATION							CC_BY_4_0				Native	2024-01-25T01:38:34.291Z		
3962307313	e9c133ef-aefa-456e-9fe6-61d1f7e5c170	rr34-rl24-jn75-xq92-nm46-xu31	Animalia	Chordata	Testudines		Cheloniidae	Caretta	Caretta caretta		SPECIES	Caretta caretta (Linnaeus, 1758)	Caretta caretta (Linnaeus, 1758)	(Linnaeus, 1758)	PT			PRESENT		0a80feca-b411-428a-a34e-c5c2fa07cdba	37.961	-24.385	50.0						2008-08-20	20	8	2008	8894817	8894817	HUMAN_OBSERVATION							CC_BY_4_0				Native	2024-01-25T01:38:34.287Z		
3962307312	e9c133ef-aefa-456e-9fe6-61d1f7e5c170	hi47-sv18-um35-lg69-br24-mk83	Animalia	Chordata	Testudines		Cheloniidae	Caretta	Caretta caretta		SPECIES	Caretta caretta (Linnaeus, 1758)	Caretta caretta (Linnaeus, 1758)	(Linnaeus, 1758)	PT			PRESENT		0a80feca-b411-428a-a34e-c5c2fa07cdba	38.504	-28.588	50.0						2018-01-17	17	1	2018	8894817	8894817	HUMAN_OBSERVATION							CC_BY_4_0				Native	2024-01-25T01:38:34.281Z		CONTINENT_DERIVED_FROM_COORDINATES
3962307311	e9c133ef-aefa-456e-9fe6-61d1f7e5c170	aw63-rk68-uu59-os58-hk54-tk56	Animalia	Chordata	Testudines		Cheloniidae	Caretta	Caretta caretta		SPECIES	Caretta caretta (Linnaeus, 1758)	Caretta caretta (Linnaeus, 1758)	(Linnaeus, 1758)	PT			PRESENT		0a80feca-b411-428a-a34e-c5c2fa07cdba	38.089	-22.798	50.0						2008-08-17	17	8	2008	8894817	8894817	HUMAN_OBSERVATION							CC_BY_4_0				Native	2024-01-25T01:38:34.277Z		
3962307307	e9c133ef-aefa-456e-9fe6-61d1f7e5c170	hj39-fq43-ka90-nk41-zl84-is34	Animalia	Chordata	Testudines		Cheloniidae	Caretta	Caretta caretta		SPECIES	Caretta caretta (Linnaeus, 1758)	Caretta caretta (Linnaeus, 1758)	(Linnaeus, 1758)	PT			PRESENT		0a80feca-b411-428a-a34e-c5c2fa07cdba	37.571	-28.0	50.0						2016-01-17	17	1	2016	8894817	8894817	HUMAN_OBSERVATION							CC_BY_4_0				Native	2024-01-25T01:38:34.275Z		
3962307306	e9c133ef-aefa-456e-9fe6-61d1f7e5c170	ta85-ct45-fx40-wk12-qu85-cz19	Animalia	Chordata	Testudines		Cheloniidae	Caretta	Caretta caretta		SPECIES	Caretta caretta (Linnaeus, 1758)	Caretta caretta (Linnaeus, 1758)	(Linnaeus, 1758)	PT			PRESENT		0a80feca-b411-428a-a34e-c5c2fa07cdba	38.5	-25.85	50.0						2010-07-17	17	7	2010	8894817	8894817	HUMAN_OBSERVATION							CC_BY_4_0				Native	2024-01-25T01:38:34.273Z		
3962307305	e9c133ef-aefa-456e-9fe6-61d1f7e5c170	ta27-rg14-jt83-vp91-sz84-hx15	Animalia	Chordata	Testudines		Cheloniidae	Caretta	Caretta caretta		SPECIES	Caretta caretta (Linnaeus, 1758)	Caretta caretta (Linnaeus, 1758)	(Linnaeus, 1758)	PT			PRESENT		0a80feca-b411-428a-a34e-c5c2fa07cdba	38.254	-28.318	50.0						2008-08-28	28	8	2008	8894817	8894817	HUMAN_OBSERVATION							CC_BY_4_0				Native	2024-01-25T01:38:34.269Z		
3962307304	e9c133ef-aefa-456e-9fe6-61d1f7e5c170	fr64-zp34-yc65-vl85-ts21-ap78	Animalia	Chordata	Testudines		Cheloniidae	Caretta	Caretta caretta		SPECIES	Caretta caretta (Linnaeus, 1758)	Caretta caretta (Linnaeus, 1758)	(Linnaeus, 1758)	PT			PRESENT		0a80feca-b411-428a-a34e-c5c2fa07cdba	38.625	-27.208	50.0						2019-06-23	23	6	2019	8894817	8894817	HUMAN_OBSERVATION							CC_BY_4_0				Native	2024-01-25T01:38:34.262Z		CONTINENT_DERIVED_FROM_COORDINATES
3962307303	e9c133ef-aefa-456e-9fe6-61d1f7e5c170	dn63-tw20-ln97-pq41-wh39-xz36	Animalia	Chordata	Testudines		Cheloniidae	Caretta	Caretta caretta		SPECIES	Caretta caretta (Linnaeus, 1758)	Caretta caretta (Linnaeus, 1758)	(Linnaeus, 1758)	PT			PRESENT		0a80feca-b411-428a-a34e-c5c2fa07cdba	38.921	-27.874	50.0						1996-02-15	15	2	1996	8894817	8894817	HUMAN_OBSERVATION							CC_BY_4_0				Native	2024-01-25T01:38:34.252Z		
3962307302	e9c133ef-aefa-456e-9fe6-61d1f7e5c170	lu78-mw24-kw24-po33-ik57-ek64	Animalia	Chordata	Testudines		Cheloniidae	Caretta	Caretta caretta		SPECIES	Caretta caretta (Linnaeus, 1758)	Caretta caretta (Linnaeus, 1758)	(Linnaeus, 1758)	PT			PRESENT		0a80feca-b411-428a-a34e-c5c2fa07cdba	38.236	-23.018	50.0						2018-01-23	23	1	2018	8894817	8894817	HUMAN_OBSERVATION							CC_BY_4_0				Native	2024-01-25T01:38:34.250Z		
3962307301	e9c133ef-aefa-456e-9fe6-61d1f7e5c170	nl78-qj27-nv60-al92-wc55-ul80	Animalia	Chordata	Testudines		Cheloniidae	Caretta	Caretta caretta		SPECIES	Caretta caretta (Linnaeus, 1758)	Caretta caretta (Linnaeus, 1758)	(Linnaeus, 1758)	PT			PRESENT		0a80feca-b411-428a-a34e-c5c2fa07cdba	38.754	-27.437	50.0						2009-06-15	15	6	2009	8894817	8894817	HUMAN_OBSERVATION							CC_BY_4_0				Native	2024-01-25T01:38:34.244Z		
